"ex","en"
"",""
"Belgium","Belgium"
"Antwerpen","Antwerp"
"Brussel","Brussels"
"Henegouwen","Hainaut"
"Limburg","Limburg"
"Luik","Liège"
"Luxemburg","Luxembourg"
"Namen","Namur"
"Oost-Vlaanderen","East Flanders"
"Vlaams-Brabant","Flemish Brabant"
"Waals-Brabant","Walloon Brabant"
"West-Vlaanderen","West Flanders"
"April 7","April 7"
"March 31","March 31"
"March 24","March 24"
"March 17","March 17"
"Distribution participants by province","Distribution participants by province"
"Probability of having symptoms","Probability of having at least 1 COVID-19 symptom"
"percentage","percentage"
"Brussel","Brussel"
"Schaarbeek","Schaarbeek"
"Etterbeek","Etterbeek"
"Elsene","Elsene"
"Sint-Gillis","Sint-Gillis"
"Anderlecht","Anderlecht"
"Sint-Jans-Molenbeek","Sint-Jans-Molenbeek"
"Koekelberg","Koekelberg"
"Sint-Agatha-Berchem","Sint-Agatha-Berchem"
"Ganshoren","Ganshoren"
"Jette","Jette"
"Evere","Evere"
"Sint-Pieters-Woluwe","Sint-Pieters-Woluwe"
"Oudergem","Oudergem"
"Watermaal-Bosvoorde","Watermaal-Bosvoorde"
"Ukkel","Ukkel"
"Vorst","Vorst"
"Sint-Lambrechts-Woluwe","Sint-Lambrechts-Woluwe"
"Sint-Joost-Ten-Noode","Sint-Joost-Ten-Noode"
"Limal","Limal"
"Bierges","Bierges"
"La Hulpe","La Hulpe"
"Glimes","Glimes"
"Beauvechain","Beauvechain"
"Bonlez","Bonlez"
"Rixensart","Rixensart"
"Genval","Genval"
"Ottignies","Ottignies"
"Céroux-Mousty","Céroux-Mousty"
"Limelette","Limelette"
"Enines","Enines"
"Linsmeau","Linsmeau"
"Malèves-Sainte-Marie-Wastinnes","Malèves-Sainte-Marie-Wastinnes"
"Autre-Eglise","Autre-Eglise"
"Dongelberg","Dongelberg"
"Couture-Saint-Germain","Couture-Saint-Germain"
"Archennes","Archennes"
"Monstreux","Monstreux"
"Baulers","Baulers"
"Thines","Thines"
"Bornival","Bornival"
"Waterloo","Waterloo"
"Braine-L'Alleud","Braine-L'Alleud"
"Ophain-Bois-Seigneur-Isaac","Ophain-Bois-Seigneur-Isaac"
"Lillois-Witterzée","Lillois-Witterzée"
"Bierghes","Bierghes"
"Corbais","Corbais"
"Braine-Le-Château","Braine-Le-Château"
"Chastre-Villeroux-Blanmont","Chastre-Villeroux-Blanmont"
"Nil-Saint-Vincent-Saint-Martin","Nil-Saint-Vincent-Saint-Martin"
"Ittre","Ittre"
"Haut-Ittre","Haut-Ittre"
"Baisy-Thy","Baisy-Thy"
"Loupoigne","Loupoigne"
"Vieux-Genappe","Vieux-Genappe"
"Glabais","Glabais"
"Ways","Ways"
"Houtain-Le-Val","Houtain-Le-Val"
"Clabecq","Clabecq"
"Court-Saint-Etienne","Court-Saint-Etienne"
"Marbais","Marbais"
"Halle","Halle"
"Buizingen","Buizingen"
"Lembeek","Lembeek"
"Herfelingen","Herfelingen"
"Sint-Pieters-Kapelle","Sint-Pieters-Kapelle"
"Bever","Bever"
"Hoeilaart","Hoeilaart"
"Galmaarden","Galmaarden"
"Oudenaken","Oudenaken"
"Ruisbroek","Ruisbroek"
"Vlezenbeek","Vlezenbeek"
"Drogenbos","Drogenbos"
"Linkebeek","Linkebeek"
"Sint-Genesius-Rode","Sint-Genesius-Rode"
"Beersel","Beersel"
"Lot","Lot"
"Alsemberg","Alsemberg"
"Dworp","Dworp"
"Huizingen","Huizingen"
"Bogaarden","Bogaarden"
"Elingen","Elingen"
"Beert","Beert"
"Bellingen","Bellingen"
"Dilbeek","Dilbeek"
"Itterbeek","Itterbeek"
"Groot-Bijgaarden","Groot-Bijgaarden"
"Schepdaal","Schepdaal"
"Asse","Asse"
"Relegem","Relegem"
"Ternat","Ternat"
"Wambeek","Wambeek"
"Sint-Katherina-Lombeek","Sint-Katherina-Lombeek"
"Mazenzele","Mazenzele"
"Gaasbeek","Gaasbeek"
"Gooik","Gooik"
"Onze-Lieve-Vrouw-Lombeek","Onze-Lieve-Vrouw-Lombeek"
"Borchtlombeek","Borchtlombeek"
"Liedekerke","Liedekerke"
"Wemmel","Wemmel"
"Brussegem","Brussegem"
"Affligem","Affligem"
"Peutie","Peutie"
"Melsbroek","Melsbroek"
"Machelen","Machelen"
"Diegem","Diegem"
"Londerzeel","Londerzeel"
"Grimbergen","Grimbergen"
"Humbeek","Humbeek"
"Beigem","Beigem"
"Strombeek-Bever","Strombeek-Bever"
"Meise","Meise"
"Wolvertem","Wolvertem"
"Kapelle-Op-Den-Bos","Kapelle-Op-Den-Bos"
"Berg","Berg"
"Nossegem","Nossegem"
"Sint-Stevens-Woluwe","Sint-Stevens-Woluwe"
"Sterrebeek","Sterrebeek"
"Kraainem","Kraainem"
"Wezembeek-Oppem","Wezembeek-Oppem"
"Eppegem","Eppegem"
"Hofstade","Hofstade"
"Elewijt","Elewijt"
"Antwerpen","Antwerpen"
"Antwerpen","Antwerpen"
"Burcht","Burcht"
"Deurne","Deurne"
"Wijnegem","Wijnegem"
"Borgerhout","Borgerhout"
"Borsbeek","Borsbeek"
"Wommelgem","Wommelgem"
"Merksem","Merksem"
"Ekeren","Ekeren"
"Herentals","Herentals"
"Hallaar","Hallaar"
"Booischot","Booischot"
"Itegem","Itegem"
"Schriek","Schriek"
"Herselt","Herselt"
"Houtvenne","Houtvenne"
"Massenhoven","Massenhoven"
"Pulderbos","Pulderbos"
"Pulle","Pulle"
"Olen","Olen"
"Oevel","Oevel"
"Herenthout","Herenthout"
"Gierle","Gierle"
"Grobbendonk","Grobbendonk"
"Bouwel","Bouwel"
"Vorselaar","Vorselaar"
"Turnhout","Turnhout"
"Rijkevorsel","Rijkevorsel"
"Hoogstraten","Hoogstraten"
"Meer","Meer"
"Minderhout","Minderhout"
"Wortel","Wortel"
"Meerle","Meerle"
"Merksplas","Merksplas"
"Beerse","Beerse"
"Vosselaar","Vosselaar"
"Oud-Turnhout","Oud-Turnhout"
"Arendonk","Arendonk"
"Ravels","Ravels"
"Weelde","Weelde"
"Poppel","Poppel"
"Baarle-Hertog","Baarle-Hertog"
"Malle","Malle"
"Mol","Mol"
"Eindhout","Eindhout"
"Varendonk","Varendonk"
"Geel","Geel"
"Meerhout","Meerhout"
"Kasterlee","Kasterlee"
"Retie","Retie"
"Dessel","Dessel"
"Balen","Balen"
"Olmen","Olmen"
"Koningshooikt","Koningshooikt"
"Broechem","Broechem"
"Boechout","Boechout"
"Vremde","Vremde"
"Hove","Hove"
"Lint","Lint"
"Kontich","Kontich"
"Bevel","Bevel"
"Duffel","Duffel"
"Beerzel","Beerzel"
"Berlaar","Berlaar"
"Berchem","Berchem"
"Wilrijk","Wilrijk"
"Hemiksem","Hemiksem"
"Schelle","Schelle"
"Aartselaar","Aartselaar"
"Mortsel","Mortsel"
"Edegem","Edegem"
"Hoboken","Hoboken"
"Mechelen","Mechelen"
"Heffen","Heffen"
"Hombeek","Hombeek"
"Muizen","Muizen"
"Bonheiden","Bonheiden"
"Blaasveld","Blaasveld"
"Reet","Reet"
"Niel","Niel"
"Boom","Boom"
"Sint-Katelijne-Waver","Sint-Katelijne-Waver"
"Onze-Lieve-Vrouw-Waver","Onze-Lieve-Vrouw-Waver"
"Breendonk","Breendonk"
"Bornem","Bornem"
"Lippelo","Lippelo"
"Schoten","Schoten"
"Essen","Essen"
"Kalmthout","Kalmthout"
"Brasschaat","Brasschaat"
"Hoevenen","Hoevenen"
"Kapellen","Kapellen"
"Brecht","Brecht"
"'S Gravenwezel","'S Gravenwezel"
"Halle","Halle"
"Loenhout","Loenhout"
"Leuven","Leuven"
"Heverlee","Heverlee"
"Kessel Lo","Kessel Lo"
"Wilsele","Wilsele"
"Herent","Herent"
"Huldenberg","Huldenberg"
"Oud-Heverlee","Oud-Heverlee"
"Sint-Joris-Weert","Sint-Joris-Weert"
"Blanden","Blanden"
"Haasrode","Haasrode"
"Vaalbeek","Vaalbeek"
"Bertem","Bertem"
"Leefdaal","Leefdaal"
"Kortenberg","Kortenberg"
"Erps-Kwerps","Erps-Kwerps"
"Everberg","Everberg"
"Duisburg","Duisburg"
"Overijse","Overijse"
"Rotselaar","Rotselaar"
"Wezemaal","Wezemaal"
"Werchter","Werchter"
"Tremelo","Tremelo"
"Baal","Baal"
"Begijnendijk","Begijnendijk"
"Keerbergen","Keerbergen"
"Haacht","Haacht"
"Boortmeerbeek","Boortmeerbeek"
"Hever","Hever"
"Aarschot","Aarschot"
"Langdorp","Langdorp"
"Rillaar","Rillaar"
"Linden","Linden"
"Binkom","Binkom"
"Pellenberg","Pellenberg"
"Holsbeek","Holsbeek"
"Nieuwrode","Nieuwrode"
"Scherpenheuvel","Scherpenheuvel"
"Averbode","Averbode"
"Messelbroek","Messelbroek"
"Deurne","Deurne"
"Kaggevinne","Kaggevinne"
"Molenstede","Molenstede"
"Bost","Bost"
"Hoegaarden","Hoegaarden"
"Outgaarden","Outgaarden"
"Drieslinter","Drieslinter"
"Bierbeek","Bierbeek"
"Boutersem","Boutersem"
"Bunsbeek","Bunsbeek"
"Kapellen","Kapellen"
"Attenrode","Attenrode"
"Houwaart","Houwaart"
"Meensel-Kiezegem","Meensel-Kiezegem"
"Eliksem","Eliksem"
"Waasmont","Waasmont"
"Attenhoven","Attenhoven"
"Budingen","Budingen"
"Geetbets","Geetbets"
"Rummen","Rummen"
"Assent","Assent"
"Molenbeek-Wersbeek","Molenbeek-Wersbeek"
"Kortenaken","Kortenaken"
"Hoeleden","Hoeleden"
"Kersbeek-Miskom","Kersbeek-Miskom"
"Waanrode","Waanrode"
"Hasselt","Hasselt"
"Wimmertingen","Wimmertingen"
"Kermt","Kermt"
"Kuringen","Kuringen"
"Stevoort","Stevoort"
"Zonhoven","Zonhoven"
"Helchteren","Helchteren"
"Berbroek","Berbroek"
"Halen","Halen"
"Heusden","Heusden"
"Linkhout","Linkhout"
"Alken","Alken"
"Beringen","Beringen"
"Beverlo","Beverlo"
"Koersel","Koersel"
"Paal","Paal"
"Diepenbeek","Diepenbeek"
"Genk","Genk"
"Gellik","Gellik"
"Rekem","Rekem"
"Eisden","Eisden"
"Boorsem","Boorsem"
"Kessenich","Kessenich"
"Dilsen","Dilsen"
"Opglabbeek","Opglabbeek"
"As","As"
"Niel-Bij-As","Niel-Bij-As"
"Ellikom","Ellikom"
"Maaseik","Maaseik"
"Zutendaal","Zutendaal"
"'S Herenelderen","'S Herenelderen"
"Herstappe","Herstappe"
"Kortessem","Kortessem"
"Vliermaalroot","Vliermaalroot"
"Wintershoven","Wintershoven"
"Guigoven","Guigoven"
"Vliermaal","Vliermaal"
"Hoeselt","Hoeselt"
"Schalkhoven","Schalkhoven"
"Beverst","Beverst"
"Martenslinde","Martenslinde"
"Hoelbeek","Hoelbeek"
"Genoelselderen","Genoelselderen"
"Moelingen","Moelingen"
"Remersdaal","Remersdaal"
"Sint-Pieters-Voeren","Sint-Pieters-Voeren"
"Teuven","Teuven"
"S Gravenvoeren","S Gravenvoeren"
"Aalst","Aalst"
"Duras","Duras"
"Velm","Velm"
"Berlingen","Berlingen"
"Herten","Herten"
"Ulbeek","Ulbeek"
"Bommershoven","Bommershoven"
"Binderveld","Binderveld"
"Batsheers","Batsheers"
"Boekhout","Boekhout"
"Borlo","Borlo"
"Overpelt","Overpelt"
"Neerpelt","Neerpelt"
"Lommel","Lommel"
"Achel","Achel"
"Hechtel","Hechtel"
"Eksel","Eksel"
"Kwaadmechelen","Kwaadmechelen"
"Bocholt","Bocholt"
"Beek","Beek"
"Leopoldsburg","Leopoldsburg"
"Heppen","Heppen"
"Tessenderlo","Tessenderlo"
"Grote-Brogel","Grote-Brogel"
"Glain","Glain"
"Bressoux","Bressoux"
"Grivegnée","Grivegnée"
"Angleur","Angleur"
"Chênée","Chênée"
"Herstal","Herstal"
"Milmort","Milmort"
"Liers","Liers"
"Chaudfontaine","Chaudfontaine"
"Vaux-Sous-Chèvremont","Vaux-Sous-Chèvremont"
"Beaufays","Beaufays"
"Embourg","Embourg"
"Boncelles","Boncelles"
"Jemeppe-Sur-Meuse","Jemeppe-Sur-Meuse"
"Ougrée","Ougrée"
"Ehein","Ehein"
"Neuville-En-Condroz","Neuville-En-Condroz"
"Plainevaux","Plainevaux"
"Esneux","Esneux"
"Dolembreux","Dolembreux"
"Louveigné","Louveigné"
"Anthisnes","Anthisnes"
"Villers-Aux-Tours","Villers-Aux-Tours"
"Hody","Hody"
"Tavier","Tavier"
"Comblain-Au-Pont","Comblain-Au-Pont"
"Poulseur","Poulseur"
"Comblain-Fairon","Comblain-Fairon"
"Filot","Filot"
"Ferrières","Ferrières"
"Burdinne","Burdinne"
"Héron","Héron"
"Couthuin","Couthuin"
"Acosse","Acosse"
"Boëlhe","Boëlhe"
"Omal","Omal"
"Darion","Darion"
"Ligney","Ligney"
"Berloz","Berloz"
"Avennes","Avennes"
"Latinne","Latinne"
"Tourinne","Tourinne"
"Abolens","Abolens"
"Lincent","Lincent"
"Bettincourt","Bettincourt"
"Aineffe","Aineffe"
"Awans","Awans"
"Hognoul","Hognoul"
"Fexhe-Le-Haut-Clocher","Fexhe-Le-Haut-Clocher"
"Lamine","Lamine"
"Hodeige","Hodeige"
"Donceel","Donceel"
"Bergilers","Bergilers"
"Crisnée","Crisnée"
"Awirs","Awirs"
"Montegnée","Montegnée"
"Ans","Ans"
"Loncin","Loncin"
"Alleur","Alleur"
"Juprelle","Juprelle"
"Voroux-Lez-Liers","Voroux-Lez-Liers"
"Paifve","Paifve"
"Villers-Saint-Siméon","Villers-Saint-Siméon"
"Fexhe-Slins","Fexhe-Slins"
"Bierset","Bierset"
"Saint-Georges-Sur-Meuse","Saint-Georges-Sur-Meuse"
"Clermont-Sous-Huy","Clermont-Sous-Huy"
"Ben-Ahin","Ben-Ahin"
"Antheit","Antheit"
"Fize-Fontaine","Fize-Fontaine"
"Bodegnée","Bodegnée"
"Amay","Amay"
"Nandrin","Nandrin"
"Abée","Abée"
"Bois-Et-Borsu","Bois-Et-Borsu"
"Marchin","Marchin"
"Modave","Modave"
"Ellemelle","Ellemelle"
"Lanaye","Lanaye"
"Argenteau","Argenteau"
"Cheratte","Cheratte"
"Saint-André","Saint-André"
"Berneau","Berneau"
"Neufchâteau","Neufchâteau"
"Bellaire","Bellaire"
"Fléron","Fléron"
"Retinne","Retinne"
"Magnée","Magnée"
"Romsée","Romsée"
"Ayeneux","Ayeneux"
"Evegnée","Evegnée"
"Cérexhe-Heuseux","Cérexhe-Heuseux"
"Melen","Melen"
"Chaineux","Chaineux"
"Battice","Battice"
"Xhendelesse","Xhendelesse"
"Bolland","Bolland"
"Charneux","Charneux"
"Blégny","Blégny"
"Barchon","Barchon"
"Saint-Remy","Saint-Remy"
"Hermée","Hermée"
"Hermalle-Sous-Argenteau","Hermalle-Sous-Argenteau"
"Heure-Le-Romain","Heure-Le-Romain"
"Vivegnis","Vivegnis"
"Haccourt","Haccourt"
"Bassenge","Bassenge"
"Eupen","Eupen"
"Kettenis","Kettenis"
"Lontzen","Lontzen"
"Walhorn","Walhorn"
"Kelmis","Kelmis"
"Neu-Moresnet","Neu-Moresnet"
"Hergenrath","Hergenrath"
"Hauset","Hauset"
"Eynatten","Eynatten"
"Butgenbach","Butgenbach"
"Büllingen","Büllingen"
"Rocherath","Rocherath"
"Amel","Amel"
"Heppenbach","Heppenbach"
"Recht","Recht"
"Schönberg","Schönberg"
"Lommersweiler","Lommersweiler"
"Crombach","Crombach"
"Reuland","Reuland"
"Thommen","Thommen"
"Ensival","Ensival"
"Stembert","Stembert"
"Heusy","Heusy"
"Dison","Dison"
"Andrimont","Andrimont"
"Limbourg","Limbourg"
"Bilstain","Bilstain"
"Goé","Goé"
"Baelen","Baelen"
"Welkenraedt","Welkenraedt"
"Henri-Chapelle","Henri-Chapelle"
"Jalhay","Jalhay"
"Montzen","Montzen"
"Gemmenich","Gemmenich"
"Hombourg","Hombourg"
"Cornesse","Cornesse"
"Soiron","Soiron"
"Forêt","Forêt"
"Olne","Olne"
"Aubel","Aubel"
"Clermont","Clermont"
"Spa","Spa"
"La Reid","La Reid"
"Aywaille","Aywaille"
"Faymonville","Faymonville"
"Bellevaux-Ligneuville","Bellevaux-Ligneuville"
"Francorchamps","Francorchamps"
"Fosse","Fosse"
"Basse-Bodeux","Basse-Bodeux"
"Chevron","Chevron"
"Arbrefontaine","Arbrefontaine"
"Beez","Beez"
"Belgrade","Belgrade"
"Saint-Servais","Saint-Servais"
"Saint-Marc","Saint-Marc"
"Bouge","Bouge"
"Champion","Champion"
"Boninne","Boninne"
"Cognelée","Cognelée"
"Gelbressée","Gelbressée"
"Beuzet","Beuzet"
"Grand-Leez","Grand-Leez"
"Bossière","Bossière"
"Arsimont","Arsimont"
"Aisemont","Aisemont"
"Emines","Emines"
"Bovesse","Bovesse"
"Dave","Dave"
"Erpent","Erpent"
"Boignée","Boignée"
"Floreffe","Floreffe"
"Arbre","Arbre"
"Balâtre","Balâtre"
"Andenne","Andenne"
"Aische-En-Refail","Aische-En-Refail"
"Assesse","Assesse"
"Crupet","Crupet"
"Sorinne-La-Longue","Sorinne-La-Longue"
"Florée","Florée"
"Courrière","Courrière"
"Faulx-Les-Tombes","Faulx-Les-Tombes"
"Evelette","Evelette"
"Haillot","Haillot"
"Perwez-Haillot","Perwez-Haillot"
"Goesnes","Goesnes"
"Jallet","Jallet"
"Hamois","Hamois"
"Mohiville","Mohiville"
"Achet","Achet"
"Emptinne","Emptinne"
"Schaltin","Schaltin"
"Barvaux-Condroz","Barvaux-Condroz"
"Méan","Méan"
"Maffe","Maffe"
"Miécret","Miécret"
"Baillonville","Baillonville"
"Bierwart","Bierwart"
"Anseremme","Anseremme"
"Lisogne","Lisogne"
"Thynes","Thynes"
"Sorinnes","Sorinnes"
"Foy-Notre-Dame","Foy-Notre-Dame"
"Anthée","Anthée"
"Serville","Serville"
"Falaën","Falaën"
"Sommière","Sommière"
"Gérin","Gérin"
"Dorinne","Dorinne"
"Anhée","Anhée"
"Hastière-Lavaux","Hastière-Lavaux"
"Hastière-Par-Delà","Hastière-Par-Delà"
"Blaimont","Blaimont"
"Heer","Heer"
"Agimont","Agimont"
"Alle","Alle"
"Baillamont","Baillamont"
"Ciergnon","Ciergnon"
"Celles","Celles"
"Custinne","Custinne"
"Hour","Hour"
"Wanlin","Wanlin"
"Baronville","Baronville"
"Wiesme","Wiesme"
"Focant","Focant"
"Martouzin-Neuville","Martouzin-Neuville"
"Pondrôme","Pondrôme"
"Bourseigne-Neuve","Bourseigne-Neuve"
"Froidfontaine","Froidfontaine"
"Ave-Et-Auffe","Ave-Et-Auffe"
"Achêne","Achêne"
"Fagnolle","Fagnolle"
"Corenne","Corenne"
"Hanzinelle","Hanzinelle"
"Cerfontaine","Cerfontaine"
"Biesme","Biesme"
"Furnaux","Furnaux"
"Ermeton-Sur-Biert","Ermeton-Sur-Biert"
"Stave","Stave"
"Castillon","Castillon"
"Berzée","Berzée"
"Aublain","Aublain"
"Dourbes","Dourbes"
"Doische","Doische"
"Charleroi","Charleroi"
"Marcinelle","Marcinelle"
"Couillet","Couillet"
"Dampremy","Dampremy"
"Goutroux","Goutroux"
"Monceau-Sur-Sambre","Monceau-Sur-Sambre"
"Mont-Sur-Marchienne","Mont-Sur-Marchienne"
"Jumet","Jumet"
"Gosselies","Gosselies"
"Lodelinsart","Lodelinsart"
"Ransart","Ransart"
"Roux","Roux"
"Gilly","Gilly"
"Montignies-Sur-Sambre","Montignies-Sur-Sambre"
"Montigny-Le-Tilleul","Montigny-Le-Tilleul"
"Landelies","Landelies"
"Cour-Sur-Heure","Cour-Sur-Heure"
"Fontaine-L'Evêque","Fontaine-L'Evêque"
"Forchies-La-Marche","Forchies-La-Marche"
"Leernes","Leernes"
"Anderlues","Anderlues"
"Courcelles","Courcelles"
"Gouy-Lez-Piéton","Gouy-Lez-Piéton"
"Souvret","Souvret"
"Trazegnies","Trazegnies"
"Bouffioulx","Bouffioulx"
"Frasnes-Lez-Gosselies","Frasnes-Lez-Gosselies"
"Mellet","Mellet"
"Fleurus","Fleurus"
"Saint-Amand","Saint-Amand"
"Brye","Brye"
"Wagnelée","Wagnelée"
"Wanfercée-Baulet","Wanfercée-Baulet"
"Buzet","Buzet"
"Liberchies","Liberchies"
"Farciennes","Farciennes"
"Aiseau","Aiseau"
"Acoz","Acoz"
"Boussu-Lez-Walcourt","Boussu-Lez-Walcourt"
"Erpion","Erpion"
"Bailièvre","Bailièvre"
"Virelles","Virelles"
"Vaulx-Lez-Chimay","Vaulx-Lez-Chimay"
"Lompret","Lompret"
"Baileux","Baileux"
"Grandrieu","Grandrieu"
"Barbençon","Barbençon"
"Strée","Strée"
"Leers-Et-Fosteau","Leers-Et-Fosteau"
"Biesme-Sous-Thuin","Biesme-Sous-Thuin"
"Ragnies","Ragnies"
"Biercée","Biercée"
"Gozée","Gozée"
"Donstiennes","Donstiennes"
"Lobbes","Lobbes"
"Sars-La-Buissière","Sars-La-Buissière"
"Bienne-Lez-Happart","Bienne-Lez-Happart"
"Bersillies-L'Abbaye","Bersillies-L'Abbaye"
"Fontaine-Valmont","Fontaine-Valmont"
"Momignies","Momignies"
"Macon","Macon"
"Monceau-Imbrechies","Monceau-Imbrechies"
"Macquenoise","Macquenoise"
"Beauwelz","Beauwelz"
"Forge-Philippe","Forge-Philippe"
"Bastogne","Bastogne"
"Martelange","Martelange"
"Fauvillers","Fauvillers"
"Hompré","Hompré"
"Houffalize","Houffalize"
"Mont","Mont"
"Tavigny","Tavigny"
"Mabompré","Mabompré"
"Wibrin","Wibrin"
"Gouvy","Gouvy"
"Bovigny","Bovigny"
"Beho","Beho"
"Cherain","Cherain"
"Montleban","Montleban"
"Amberloup","Amberloup"
"Lavacherie","Lavacherie"
"Flamierge","Flamierge"
"Bertogne","Bertogne"
"Longchamps","Longchamps"
"Bihain","Bihain"
"Petit-Thier","Petit-Thier"
"Grand-Halleux","Grand-Halleux"
"Arlon","Arlon"
"Guirsch","Guirsch"
"Autelbas","Autelbas"
"Attert","Attert"
"Habay-La-Neuve","Habay-La-Neuve"
"Anlier","Anlier"
"Habay-La-Vieille","Habay-La-Vieille"
"Houdemont","Houdemont"
"Bellefontaine","Bellefontaine"
"Etalle","Etalle"
"Vance","Vance"
"Chantemelle","Chantemelle"
"Buzenol","Buzenol"
"Châtillon","Châtillon"
"Musson","Musson"
"Bleid","Bleid"
"Latour","Latour"
"Saint-Mard","Saint-Mard"
"Dampicourt","Dampicourt"
"Gérouville","Gérouville"
"Hondelange","Hondelange"
"Sélange","Sélange"
"Habergy","Habergy"
"Aubange","Aubange"
"Athus","Athus"
"Halanzy","Halanzy"
"Bras","Bras"
"Chiny","Chiny"
"Les Bulles","Les Bulles"
"Suxy","Suxy"
"Termes","Termes"
"Florenville","Florenville"
"Lacuisine","Lacuisine"
"Villers-Devant-Orval","Villers-Devant-Orval"
"Chassepierre","Chassepierre"
"Bouillon","Bouillon"
"Noirfontaine","Noirfontaine"
"Sensenruth","Sensenruth"
"Ucimont","Ucimont"
"Bellevaux","Bellevaux"
"Dohan","Dohan"
"Corbion","Corbion"
"Grandvoir","Grandvoir"
"Carlsbourg","Carlsbourg"
"Nollevaux","Nollevaux"
"Maissin","Maissin"
"Framont","Framont"
"Fays-Les-Veneurs","Fays-Les-Veneurs"
"Assenois","Assenois"
"Arville","Arville"
"Auby-Sur-Semois","Auby-Sur-Semois"
"Herbeumont","Herbeumont"
"Anloy","Anloy"
"Aye","Aye"
"Sohier","Sohier"
"Chanly","Chanly"
"Halma","Halma"
"Lomprez","Lomprez"
"Bure","Bure"
"Daverdisse","Daverdisse"
"Barvaux-Sur-Ourthe","Barvaux-Sur-Ourthe"
"Bende","Bende"
"Harsin","Harsin"
"Bande","Bande"
"Grune","Grune"
"Ambly","Ambly"
"Dochamps","Dochamps"
"Tenneville","Tenneville"
"Champlon","Champlon"
"Erneuville","Erneuville"
"Beausaint","Beausaint"
"Samrée","Samrée"
"Ortho","Ortho"
"Hives","Hives"
"Halleux","Halleux"
"Beffe","Beffe"
"Fronville","Fronville"
"Amonines","Amonines"
"Mons","Mons"
"Ghlin","Ghlin"
"Flénu","Flénu"
"Maisières","Maisières"
"Havré","Havré"
"Harmignies","Harmignies"
"Ciply","Ciply"
"Saint-Symphorien","Saint-Symphorien"
"Villers-Saint-Ghislain","Villers-Saint-Ghislain"
"Spiennes","Spiennes"
"Cuesmes","Cuesmes"
"Obourg","Obourg"
"Asquillies","Asquillies"
"Givry","Givry"
"Erbaut","Erbaut"
"Horrues","Horrues"
"Casteau","Casteau"
"Naast","Naast"
"Chaussée-Notre-Dame-Louvignies","Chaussée-Notre-Dame-Louvignies"
"Gottignies","Gottignies"
"Eugies","Eugies"
"Braine-Le-Comte","Braine-Le-Comte"
"Haine-Saint-Paul","Haine-Saint-Paul"
"Boussoit","Boussoit"
"Croix-Lez-Rouveroy","Croix-Lez-Rouveroy"
"Battignies","Battignies"
"Waudrez","Waudrez"
"Buvrinnes","Buvrinnes"
"Epinois","Epinois"
"Morlanwelz-Mariemont","Morlanwelz-Mariemont"
"Carnières","Carnières"
"Chapelle-Lez-Herlaimont","Chapelle-Lez-Herlaimont"
"Bellecourt","Bellecourt"
"Seneffe","Seneffe"
"Arquennes","Arquennes"
"Ecaussinnes-D'Enghien","Ecaussinnes-D'Enghien"
"Ecaussinnes-Lalaing","Ecaussinnes-Lalaing"
"Boussu","Boussu"
"Hornu","Hornu"
"Bernissart","Bernissart"
"Blaton","Blaton"
"Pommeroeul","Pommeroeul"
"Saint-Ghislain","Saint-Ghislain"
"Baudour","Baudour"
"Neufmaison","Neufmaison"
"Tertre","Tertre"
"Hautrage","Hautrage"
"Colfontaine","Colfontaine"
"Hainin","Hainin"
"Blaugies","Blaugies"
"Baisieux","Baisieux"
"Audregnies","Audregnies"
"Angre","Angre"
"Quaregnon","Quaregnon"
"Ere","Ere"
"Orcq","Orcq"
"Esplechin","Esplechin"
"Froyennes","Froyennes"
"Froidmont","Froidmont"
"Willemeau","Willemeau"
"Ramegnies-Chin","Ramegnies-Chin"
"Chercq","Chercq"
"Blandain","Blandain"
"Gaurain-Ramecroix","Gaurain-Ramecroix"
"Havinnes","Havinnes"
"Béclers","Béclers"
"Thimougies","Thimougies"
"Barry","Barry"
"Vaulx","Vaulx"
"Vezon","Vezon"
"Kain","Kain"
"Mont-Saint-Aubert","Mont-Saint-Aubert"
"Mourcourt","Mourcourt"
"Warchin","Warchin"
"Péruwelz","Péruwelz"
"Roucourt","Roucourt"
"Bury","Bury"
"Bon-Secours","Bon-Secours"
"Baugnies","Baugnies"
"Wiers","Wiers"
"Rumes","Rumes"
"La Glanerie","La Glanerie"
"Taintignies","Taintignies"
"Bléharies","Bléharies"
"Lesdain","Lesdain"
"Laplaigne","Laplaigne"
"Rongy","Rongy"
"Howardries","Howardries"
"Antoing","Antoing"
"Bruyelle","Bruyelle"
"Calonne","Calonne"
"Fontenoy","Fontenoy"
"Luingne","Luingne"
"Dottenijs","Dottenijs"
"Herseaux","Herseaux"
"Bailleul","Bailleul"
"Pecq","Pecq"
"Hérinnes-Lez-Pecq","Hérinnes-Lez-Pecq"
"Esquelmes","Esquelmes"
"Amougies","Amougies"
"Celles","Celles"
"Komen","Komen"
"Houthem","Houthem"
"Ploegsteert","Ploegsteert"
"Neerwaasten","Neerwaasten"
"Ath","Ath"
"Irchonwelz","Irchonwelz"
"Ormeignies","Ormeignies"
"Bouvignies","Bouvignies"
"Ostiches","Ostiches"
"Maffle","Maffle"
"Arbre","Arbre"
"Houtaing","Houtaing"
"Ghislenghien","Ghislenghien"
"Gibecq","Gibecq"
"Bassilly","Bassilly"
"Edingen","Edingen"
"Lessines","Lessines"
"Papignies","Papignies"
"Ogy","Ogy"
"Ghoy","Ghoy"
"Deux-Acren","Deux-Acren"
"Bois-De-Lessines","Bois-De-Lessines"
"Bauffe","Bauffe"
"Vloesberg","Vloesberg"
"Ellezelles","Ellezelles"
"Grandmetz","Grandmetz"
"Thieulain","Thieulain"
"Blicquy","Blicquy"
"Pipaix","Pipaix"
"Gallaix","Gallaix"
"Anvaing","Anvaing"
"Buissenal","Buissenal"
"Dergneau","Dergneau"
"Brugelette","Brugelette"
"Attre","Attre"
"Mévergnies-Lez-Lens","Mévergnies-Lez-Lens"
"Gages","Gages"
"Chièvres","Chièvres"
"Tongre-Notre-Dame","Tongre-Notre-Dame"
"Beloeil","Beloeil"
"Basècles","Basècles"
"Aubechies","Aubechies"
"Grandglise","Grandglise"
"Brugge","Brugge"
"Hertsberge","Hertsberge"
"Sint-Andries","Sint-Andries"
"Loppem","Loppem"
"Aartrijke","Aartrijke"
"Knokke","Knokke"
"Heist-Aan-Zee","Heist-Aan-Zee"
"Assebroek","Assebroek"
"Damme","Damme"
"Blankenberge","Blankenberge"
"Houtave","Houtave"
"Dudzele","Dudzele"
"Oostende","Oostende"
"De Haan","De Haan"
"Vlissegem","Vlissegem"
"Middelkerke","Middelkerke"
"Wilskerke","Wilskerke"
"Leffinge","Leffinge"
"Mannekensvere","Mannekensvere"
"Lombardsijde","Lombardsijde"
"Bredene","Bredene"
"Ettelgem","Ettelgem"
"Gistel","Gistel"
"Bekegem","Bekegem"
"Jabbeke","Jabbeke"
"Kortrijk","Kortrijk"
"Bissegem","Bissegem"
"Bellegem","Bellegem"
"Aalbeke","Aalbeke"
"Kuurne","Kuurne"
"Harelbeke","Harelbeke"
"Bavikhove","Bavikhove"
"Deerlijk","Deerlijk"
"Zwevegem","Zwevegem"
"Heestert","Heestert"
"Moen","Moen"
"Otegem","Otegem"
"Sint-Denijs","Sint-Denijs"
"Gullegem","Gullegem"
"Anzegem","Anzegem"
"Kaster","Kaster"
"Tiegem","Tiegem"
"Avelgem","Avelgem"
"Kerkhove","Kerkhove"
"Outrijve","Outrijve"
"Bossuit","Bossuit"
"Helkijn","Helkijn"
"Beerst","Beerst"
"Handzame","Handzame"
"Nieuwpoort","Nieuwpoort"
"Avekapelle","Avekapelle"
"Oostvleteren","Oostvleteren"
"Lo","Lo"
"Houthulst","Houthulst"
"Adinkerke","Adinkerke"
"Koksijde","Koksijde"
"Bovekerke","Bovekerke"
"Alveringem","Alveringem"
"Beveren-Aan-De-Ijzer","Beveren-Aan-De-Ijzer"
"Aarsele","Aarsele"
"Ooigem","Ooigem"
"Dentergem","Dentergem"
"Beernem","Beernem"
"Egem","Egem"
"Wingene","Wingene"
"Ruiselede","Ruiselede"
"Meulebeke","Meulebeke"
"Ingelmunster","Ingelmunster"
"Oostrozebeke","Oostrozebeke"
"Waregem","Waregem"
"Beveren","Beveren"
"Desselgem","Desselgem"
"Sint-Eloois-Vijve","Sint-Eloois-Vijve"
"Beveren","Beveren"
"Lichtervelde","Lichtervelde"
"Torhout","Torhout"
"Gits","Gits"
"Oostnieuwkerke","Oostnieuwkerke"
"Ardooie","Ardooie"
"Koolskamp","Koolskamp"
"Lendelede","Lendelede"
"Emelgem","Emelgem"
"Ledegem","Ledegem"
"Dadizele","Dadizele"
"Brielen","Brielen"
"Hollebeke","Hollebeke"
"Boezinge","Boezinge"
"Elverdinge","Elverdinge"
"Vlamertinge","Vlamertinge"
"Bikschote","Bikschote"
"Lauwe","Lauwe"
"Geluwe","Geluwe"
"Nieuwkerke","Nieuwkerke"
"Dranouter","Dranouter"
"Wulvergem","Wulvergem"
"Wijtschate","Wijtschate"
"Westouter","Westouter"
"Kemmel","Kemmel"
"Mesen","Mesen"
"Loker","Loker"
"Poperinge","Poperinge"
"Krombeke","Krombeke"
"Watou","Watou"
"Beselare","Beselare"
"Gent","Gent"
"Mariakerke","Mariakerke"
"Drongen","Drongen"
"Wondelgem","Wondelgem"
"Sint-Amandsberg","Sint-Amandsberg"
"Oostakker","Oostakker"
"Desteldonk","Desteldonk"
"Gentbrugge","Gentbrugge"
"Afsnee","Afsnee"
"Zwijnaarde","Zwijnaarde"
"Zelzate","Zelzate"
"Destelbergen","Destelbergen"
"Beervelde","Beervelde"
"Gontrode","Gontrode"
"Nieuwkerken-Waas","Nieuwkerken-Waas"
"Belsele","Belsele"
"Sinaai-Waas","Sinaai-Waas"
"Beveren-Waas","Beveren-Waas"
"Doel","Doel"
"Elversele","Elversele"
"Bazel","Bazel"
"Daknam","Daknam"
"De Klinge","De Klinge"
"Moerbeke-Waas","Moerbeke-Waas"
"Wachtebeke","Wachtebeke"
"Kemzeke","Kemzeke"
"Appels","Appels"
"Hamme","Hamme"
"Massemen","Massemen"
"Zele","Zele"
"Waasmunster","Waasmunster"
"Buggenhout","Buggenhout"
"Schellebelle","Schellebelle"
"Kalken","Kalken"
"Denderbelle","Denderbelle"
"Berlare","Berlare"
"Aalst","Aalst"
"Gijzegem","Gijzegem"
"Baardegem","Baardegem"
"Erembodegem","Erembodegem"
"Impe","Impe"
"Appelterre-Eichem","Appelterre-Eichem"
"Pollare","Pollare"
"Meerbeke","Meerbeke"
"Neigem","Neigem"
"Aspelare","Aspelare"
"Outer","Outer"
"Aaigem","Aaigem"
"Denderhoutem","Denderhoutem"
"Kerksken","Kerksken"
"Denderleeuw","Denderleeuw"
"Iddergem","Iddergem"
"Welle","Welle"
"Geraardsbergen","Geraardsbergen"
"Grimminge","Grimminge"
"Bavegem","Bavegem"
"Letterhoutem","Letterhoutem"
"Herzele","Herzele"
"Ressegem","Ressegem"
"Borsbeke","Borsbeke"
"Deftinge","Deftinge"
"Hemelveerdegem","Hemelveerdegem"
"Sint-Martens-Lierde","Sint-Martens-Lierde"
"Ronse","Ronse"
"Elene","Elene"
"Beerlegem","Beerlegem"
"Nederzwalm-Hermelgem","Nederzwalm-Hermelgem"
"Brakel","Brakel"
"Parike","Parike"
"Sint-Kornelis-Horebeke","Sint-Kornelis-Horebeke"
"Etikhove","Etikhove"
"Nukerke","Nukerke"
"Schorisse","Schorisse"
"Berchem","Berchem"
"Bevere","Bevere"
"Huise","Huise"
"Kruishoutem","Kruishoutem"
"Nokere","Nokere"
"Wannegem-Lede","Wannegem-Lede"
"Elsegem","Elsegem"
"Astene","Astene"
"Eke","Eke"
"Bottelare","Bottelare"
"Sint-Martens-Latem","Sint-Martens-Latem"
"Deurle","Deurle"
"De Pinte","De Pinte"
"Hansbeke","Hansbeke"
"Balegem","Balegem"
"Machelen","Machelen"
"Aalter","Aalter"
"Bellem","Bellem"
"Asper","Asper"
"Eeklo","Eeklo"
"Knesselare","Knesselare"
"Lovendegem","Lovendegem"
"Vinderhoute","Vinderhoute"
"Zomergem","Zomergem"
"Oostwinkel","Oostwinkel"
"Ronsele","Ronsele"
"Ertvelde","Ertvelde"
"Waarschoot","Waarschoot"
"Assenede","Assenede"
"Boekhoute","Boekhoute"
"Bassevelde","Bassevelde"
"Kaprijke","Kaprijke"
"Lembeke","Lembeke"
"Sint-Laureins","Sint-Laureins"
"Sint-Margriete","Sint-Margriete"
"Sint-Jan-In-Eremo","Sint-Jan-In-Eremo"
"Waterland-Oudeman","Waterland-Oudeman"
"Maldegem","Maldegem"
"Adegem","Adegem"
"Middelburg","Middelburg"
"response","participants"
"age","age"
"gender","gender"
"work","work"
"behaviour work","behaviour work"
"behaviour public","behaviour public"
"behaviour household","behaviour household"
"conversation","conversation"
"fysical contact","fysical contact"
"sleep","sleep"
"concentrate","concentrate"
"optimistic","optimistic"
"tension","tension"
"survey_response","Number of participants per survey (x1000)"
"responses","participants"
"distribution_gender","Distribution of participants per gender"
"Female","Female"
"Male","Male"
"Other","Other"
"distribution_age","Distribution of participants by age group"
"Current working conditions","Current working conditions"
"protected","Protected"
"unprotected","Unprotected"
"homework","Homework"
"Change in behaviour at work","Change in behaviour at work"
"Change in behaviour at public places","Change in behaviour at public places"
"Change in behaviour at home","Change in behaviour at home"
"Number of people spoken today (not virtual)","Number of people spoken today (not virtual)"
"None","None"
"one","One"
"2-5","2-5"
"6-20","6-20"
"20+","20+"
"last fysical contact (handshake or kiss)","last fysical contact (handshake or kiss)"
"today","Today"
"yesterday","Yesterday"
"2-6 days ago","2-6 days ago"
"7+ days ago","7+ days ago"
"Sleep quality last week","How was your sleep quality last week"
"Better","Better"
"Same","Same"
"Somewhat worse","Somewhat worse"
"Much worse","Much worse"
"Concentration last week","Concentration last week"
"Optimism last week","Optimism last week"
"More","More"
"A bit less","A bit less"
"Much less","Much less"
"Tension last week","Tension last week"
"None","None"
"Same","Same"
"Somewhat more","A bit more"
"Much more","Much more"
"education","Education"
"symptom","Symptom"
"childcare","Childcare"
"home","Home"
"school/childcare","School/childcare"
"friends/acquaintances","Friends/acquaintances"
"aunts/uncles","Aunts/uncles"
"grandparents","Grandparents"
"other","Other"
"arrangement childcare","How did you arrange childcare today?"
"Primary education","Primary"
"Secondary education","Secondary"
"Higher education","Higher"
"PhD","PhD"
"Distribution of participants by level of education","Distribution of participants by level of education"
"Percantage of participants reporting COVID19 symptoms","Percantage of participants reporting COVID19 symptoms"
"rapidly developing fever","Rapidly developing fever"
"high fever","High fever"
"sore throat","Sore throat"
"short of breath","short of breath"
"dry cough","dry cough"
"chesty cough","chesty cough"
"chestpain","chestpain"
"running nose","running nose"
"muscle strain","muscle strain"
"fatiguee","fatiguee"
"shivers","shivers"
"nausea","nausea"
"sore eyes","sore eyes"
"About","About"
